,Stars,Closed Issues,Open Issues,Sizes
count,31614.0,29261.0,31614.0,31614.00000
mean,492.7989814639084,57.86278664433888,20.751375972670335,28721.96141
std,2394.0926318597735,513.9811383011406,103.27027126212944,146337.29845
min,20.0,0.0,0.0,0.00000
25%,28.0,0.0,0.0,268.00000
50%,36.0,1.0,2.0,1648.00000
75%,275.0,9.0,10.0,11309.75000
max,143056.0,33227.0,4741.0,6823318.00000
